#,Company,Ticker,Scores 5/30/2023,Profits 5/30/2023,Scores 6/1/2023,Profits 6/01/2023
1,Apple Inc,AAPL,0.115211881,0.08721507735,0.068716,0.02538769807
2,Microsoft Corp,MSFT,0.09269703,0.07029337724,0.100401,-0.07491159484
3,Amazon.com Inc,AMZN,0.252314851,0.1881610295,0.1452930693,0.009122624704
4,Nvidia Corp,NVDA,0.103216832,0.4234073105,0.117009901,0.1731251883
5,Alphabet Inc Cl A,GOOGL,0.108263366,0.08265779426,0.0789039604,-0.004476300476
6,Alphabet Inc Cl C,GOOG,0.101287129,0.06856418785,0.0789039604,0.01053718493
7,Berkshire Hathaway,BRK.B,0.093832653,0.03930066201,0.077913,0.0105900981
8,Meta Platforms Inc Class A,META,0.028977228,0.1225000515,-0.05202178218,0.04457512354
9,Tesla Inc,TSLA,0.001263636,3.59E-01,0.056889,-0.06570864444
10,Unitedhealth Group Inc,UNH,0.109875,-0.100514962,0.08983333333,0.01128844761
11,Exxon Mobil Corp,XOM,0.060119118,-0.1600457546,0.02833333333,-0.04208262908
12,Johnson & Johnson,JNJ,0.020171429,-2.46E-02,-0.04115841584,-0.03353568171
13,Jpmorgan Chase & Co,JPM,0.13059802,-0.01022341077,0.08421485149,0.0596859125
14,Visa Inc Class a Shares,V,0.038905941,0,0.052494,0.07691249865
15,Procter & Gamble Co,PG,0.122387129,-0.1059142607,0.08094455446,0.05263157895
16,Eli Lilly & Co,LLY,0.070066337,-0.04697151084,0.1386722772,0.0188608386
17,Mastercard Inc A,MA,0.148462376,0.05101914382,0.1208623762,0.05862732762
18,Home Depot Inc,HD,0.134334653,0.01536769551,0.1047554455,0.02116689222
19,Merck & Co. Inc.,MRK,0.04939604,-0.08463153363,0.07722772277,0.0226428758
20,Broadcom Inc,AVGO,0.088717822,0.2754914324,0.160597561,-0.0908464114
21,Chevron Corp,CVX,0.102653333,-0.1564124892,0.071735,0.04514725512
22,Pepsico Inc,PEP,0.133326882,-0.08279792228,0.129151087,0.003838336336
23,Abbvie Inc,ABBV,0.081990099,-0.1504792165,0.07922857143,-0.1957097764
24,Coca Cola Co,KO,0.104190541,-0.02821078222,0.1437772277,0.04693241368
25,Pfizer Inc,PFE,0.074781188,-0.06382922168,0.1408970297,0.02630154469
26,Costco Wholesale Corp,COST,0.042865625,0.04987577831,0.1080611111,-0.04359236447
27,Mcdonald S Corp,MCD,0.075028,-0.07376645945,0.06445940594,-0.006663110154
28,Walmart Inc,WMT,0.044532,-8.20E-03,-0.003306930693,-0.04493691191
29,Salesforce Inc,CRM,0.13257,0.1777757978,0.078467,-0.6786643088
30,Thermo Fisher Scientific Inc,TMO,0.170626733,0.03448120236,0.1373029703,0.09184623188
31,Cisco Systems Inc,CSCO,0.206414851,0.02607321832,0.1608910891,0.01811962068
32,Bank of America Corp,BAC,0.168026733,3.53E-03,0.07181584158,-0.01079549682
33,Abbott Laboratories,ABT,0.105830693,-0.06027050938,0.1315321429,-0.008823170381
34,Accenture Plc Cl A,ACN,0.166132673,0.08596789523,0.1215868687,-0.006210853591
35,Advanced Micro Devices,AMD,0.167385149,0.2668660491,0.1573282353,-0.07782744066
36,Linde Plc,LIN,0.168990805,-2.80E-04,0.099914,0.04580656847
37,Comcast Corp Class A,CMCSA,0.109263366,-0.09118556599,0.09432772277,0.05590882573
38,Adobe Inc,ADBE,0.158387129,0.350272931,0.1325910891,-0.1316450822
39,Walt Disney Co,DIS,0.027650495,0.07701894871,0.056236,0.05002301569
40,Netflix Inc,NFLX,0.048321782,0.4909207629,0.04277878788,0.05515756939
41,Wells Fargo & Co,WFC,0.214234653,2.43E-03,0.1484386139,0.1004766886
42,Texas Instruments Inc,TXN,0.139766337,0.08735654907,0.1920597826,0.11444618
43,Verizon Communications Inc,VZ,0.109407071,-8.57E-03,0.1062871287,-0.008420598679
44,Oracle Corp,ORCL,0.144218812,0.07878551887,0.1561712871,-0.1000571232
45,Danaher Corp,DHR,0.185913542,0.03359023112,0.1862416667,0.003920024327
46,Nextera Energy Inc,NEE,0.207817241,0.0581710384,0.2153179487,-0.05581214781
47,Philip Morris International,PM,0.118267647,-0.05944444164,0.05035777778,0.0144425342
48,Bristol Myers Squibb Co,BMY,0.051440449,-0.07051093154,0.08390238095,0.003103141265
49,Raytheon Technologies Corp,RTX,0.199565789,-0.02680677614,0.1318509804,0.01519420345
50,Nike,NKE,0.075839,0.08278293851,0.07342970297,-0.10260325
51,Honeywell International Inc,HON,0.13269901,-0.007741620464,0.133349505,0.01304801629
52,Conocophillips,COP,0.056296552,-0.1129112953,0.06547777778,0.02718999343
53,Intuit Inc,INTU,0.146160417,0.1419592894,0.2039480769,-0.03650502952
54,Lowe S Cos Inc,LOW,0.125952475,0.02324209363,0.008292,-0.008452153573
55,United Parcel Service Cl B,UPS,0.094827273,6.99E-03,0.1645881188,0.03053859322
56,Intel Corp,INTC,0.136274257,0.2413795734,0.091723,0.1145034023
57,Union Pacific Corp,UNP,0.058359406,-0.05126905551,0.09762970297,-0.003116432436
58,Amgen Inc,AMGN,0.056985915,-0.08758557879,0.06087272727,-0.03127066402
59,S&p Global Inc,SPGI,-0.005998058,1.37E-01,0.01822574257,-0.0244942959
60,Medtronic Plc,MDT,0.160864356,0.1117117201,0.1617752475,0.009665804688
61,Intl Business Machines,IBM,0.159908911,0.05198216868,0.2109237624,-0.01166450741
62,Qualcomm Inc,QCOM,0.096133663,0.3760762649,0.1170808081,0.1014014513
63,Starbucks Corp,SBUX,0.113771,0.0365371577,0.0701049505,-0.005121164694
64,At&t Inc,T,0.010941584,-6.45E-03,0.04417184466,0.01271484955
65,Boeing Co,BA,0.074419802,0.02258957148,0.05725643564,0.03694748551
66,Prologis Inc,PLD,0.266244444,0.05922413055,0.2378666667,-0.08510679743
67,Caterpillar Inc,CAT,0.103129703,-0.02927338843,0.1053821782,0.0938028032
68,General Electric Co,GE,0.141212871,0.02725314241,0.07533366337,-0.03151774832
69,Goldman Sachs Group Inc,GS,0.056966337,2.11E-03,-0.001921,0.01883346343
70,Elevance Health Inc,ELV,-0.0273,-0.07042128205,0.2655,0.04421375634
71,Morgan Stanley,MS,0.089707,0.030989527,0.04978910891,0.1002935021
72,Intuitive Surgical Inc,ISRG,0.13325,0.06451648829,0.2359363636,0.005197624221
73,Applied Materials Inc,AMAT,0.107576238,0.142584336,0.168899,0.03225751432
74,Mondelez International Inc A,MDLZ,0.1382,-0.09583303842,0.1202125,0.02860633074
75,Lockheed Martin Corp,LMT,0.169186,-0.008251212503,0.164229703,0.03580992101
76,Booking Holdings Inc,BKNG,0.112989744,0.01578495898,0.07331052632,-0.02252060691
77,Servicenow Inc,NOW,0.177302381,0.1961072005,0.1471428571,-0.1831939676
78,Blackrock Inc,BLK,0.190655446,0.07794125137,0.1030891089,0.09155227196
79,Gilead Sciences Inc,GILD,-0.008468889,-7.39E-02,0.2030510638,0.07798264298
80,Deere & Co,DE,0.158729851,-0.06186813101,0.1827982143,0.09393606269
81,Analog Devices Inc,ADI,0.13880297,0.09006946972,0.1599987654,0.08610494447
82,Stryker Corp,SYK,0.088467677,-0.05869747101,0.1591220779,-0.01560318952
83,American Express Co,AXP,0.160022772,-5.72E-03,0.1486148515,0.03153380472
84,Tjx Companies Inc,TJX,0.184247059,-5.19E-03,0.17695,-0.04557865216
85,Cvs Health Corp,CVS,0.03749505,-0.09461847951,0.0798970297,0.04556777365
86,Automatic Data Processing,ADP,0.074419298,8.47E-03,0.1112059406,0.06698855733
87,Citigroup Inc,C,0.290838,0.02914822255,0.243912,0.08124995374
88,American Tower Corp,AMT,0.098947525,0.114722345,0.09547326733,-0.0135545433
89,Marsh & Mclennan Cos,MMC,0.083714,0.02597684924,0.08020990099,0.03695661598
90,Vertex Pharmaceuticals Inc,VRTX,0.0392,-5.15E-03,0.1745578947,0.02781450308
91,T Mobile Us Inc,TMUS,0.081913861,-0.07251171082,0.04788019802,0.008014616419
92,Chubb Ltd,CB,0.106820755,0.009469616394,0.09686056338,0.07158244398
93,Schwab (Charles) Corp,SCHW,0.199221782,0.06148720744,0.1605346535,0.1062822904
94,Regeneron Pharmaceuticals,REGN,0.174258621,-0.06937408932,0.1671594595,0.005981870179
95,Zoetis Inc,ZTS,0.130231034,-0.03520710281,0.2655571429,-0.006748089937
96,Altria Group Inc,MO,0.044827778,-0.02241701131,0.105084,0.04727665642
97,Progressive Corp,PGR,0.065362376,-4.67E-03,0.007725,0.02814483622
98,Lam Research Corp,LRCX,0.181344444,0.1870274572,0.1122487805,0
99,Southern Co,SO,0.000925743,-1.44E-03,0.1040861386,0.03440829588
100,The Cigna Group,CI,0.086815789,-0.1044655054,0.1061463415,0.05860704607
101,Fiserv Inc,FISV,0.229217143,0,0.141434375,-0.008022458804
102,Boston Scientific Corp,BSX,0.127035644,0.03133565278,0.1029722772,-0.03496509456
103,Micron Technology Inc,MU,0.067032895,0.06222089579,0.03575909091,0.1085052091
104,Paypal Holdings Inc,PYPL,0.176186139,0.1361673328,0.1439534653,0.06775256615
105,Becton Dickinson and Co,BDX,0.179402151,4.56E-03,0.1952415094,0.08148582336
106,Duke Energy Corp,DUK,0.121369231,0.01127464565,0.1423917526,0.04591735116
107,Eaton Corp Plc,ETN,0.200617822,0.05754618844,0.1566816327,0.03467883067
108,Target Corp,TGT,-0.0325,-0.0511042606,-0.002904950495,-0.1779566717
109,Eog Resources Inc,EOG,0.14339,-0.2188524884,0.1764222222,0.03821381575
110,Csx Corp,CSX,0.069521053,-0.02921134507,0.08361764706,0.1532439883
111,Schlumberger Ltd,SLB,0.124775439,-0.202337617,0.1273444444,0.05370056792
112,Aon Plc,AON,0.213567742,-0.03766097071,0.1060243243,0.03860009758
113,Equinix Inc,EQIX,0.204388889,0.1290540058,0.09312272727,-0.03272754988
114,Colgate Palmolive Co,CL,0.191165517,-0.09578739487,0.152384375,0.07125657815
115,Cme Group Inc,CME,0.04285,-0.03792370951,0.02380238095,0.02797202797
116,Northrop Grumman Corp,NOC,0.184022785,-0.07825316249,0.1397444444,0.02939215155
117,Humana Inc,HUM,0.097455,-0.05316179251,0.07688717949,0.02211759778
118,Illinois Tool Works,ITW,0.137382759,-6.66E-03,0.211708,0.01325874597
119,Waste Management Inc,WM,-0.070755,-1.05E-02,-0.083628,-0.006793516032
120,Intercontinental Exchange In,ICE,0.200354,0.03423288022,0.23235,0.01415776595
121,Air Products & Chemicals Inc,APD,0.145905941,0.08728096869,0.1510732673,-0.05350384049
122,Synopsys Inc,SNPS,0.230703571,0.2122636703,0.2039458333,-0.1852908571
123,Kla Corp,KLAC,0.097817241,0.1435416007,0.08929285714,0.0544031178
124,O Reilly Automotive Inc,ORLY,0.081968421,-0.03391121216,-0.03372068966,0
125,Hca Healthcare Inc,HCA,0.005054545,-3.29E-02,0.045625,0.004920885787
126,Chipotle Mexican Grill Inc,CMG,0.153021918,6.28E-03,0.1580602273,-0.08841895462
127,Cadence Design Sys Inc,CDNS,0.213251613,0.1598560797,0.09300416667,-0.1013380235
128,Activision Blizzard Inc,ATVI,0.116742623,0.04322353446,-0.02414615385,0.006234794721
129,3m Co W/d,MMM,0.132431683,-1.03E-03,0.04189009901,0.01714753684
130,Mckesson Corp,MCK,0.181302381,-0.1046525952,0.08241142857,0.03735522129
131,Sherwin Williams Co,SHW,0.12189375,-0.01396491517,0.1733342105,0
132,Fedex Corp,FDX,0.147945,0.06335103575,0.07690117647,-0.02156166758
133,Edwards Lifesciences Corp,EW,0.092881818,0.02438689709,0.2045714286,-0.02018352031
134,Pioneer Natural Resources Co,PXD,0.189090625,-0.106766029,0.151,-0.01153207605
135,General Mills Inc,GIS,0.10839703,-0.09859845902,0.06560792079,0.01188194745
136,Marathon Petroleum Corp,MPC,0.218244444,-0.2086202274,0.001418181818,0.05147204912
137,Freeport Mcmoran Inc,FCX,0.024458333,-1.44E-02,0.1918333333,0.15142704
138,Moody S Corp,MCO,0.061186139,0.07156518321,-0.03670891089,-0.01041457601
140,Pnc Financial Services Group,PNC,0.223879208,0.06314194374,0.1884930693,0.1208669174
141,Crown Castle Inc,CCI,0.117595745,0.08142412449,0.0322265625,-0.02473268983
142,Norfolk Southern Corp,NSC,0.053472973,3.32E-03,0.003576595745,0.06580893574
143,Motorola Solutions Inc,MSI,0.103561386,8.08E-03,0.1544350649,0
144,Roper Technologies Inc,ROP,0.231085714,0.01511297018,0.14355,-0.08960431758
145,Kimberly Clark Corp,KMB,0.118663768,-0.1137199572,0.1073137931,0.05064104414
146,General Motors Co,GM,0.153294059,0.1231600589,0.03286831683,0.02468430467
147,General Dynamics Corp,GD,0.131084158,-0.05700356487,0.1473858586,0.05828202978
148,Dollar General Corp,DG,-0.025186,-0.1126286079,-0.013648,-1.102491351
149,Emerson Electric Co,EMR,0.206944554,-0.02012371498,0.22711,0.03604515682
150,Autozone Inc,AZO,0.12105,-0.08964624468,0.1147166667,-0.002640004902
151,Ford Motor Co,F,0.108337624,0.4631922737,0.02917326733,0.05416631699
152,Sempra Energy,SRE,0.487225,0.007646896467,0.2852642857,0.03901606377
153,Marriott International Cl A,MAR,0.156008911,0.03900781267,0.2014950495,0
154,Public Storage,PSA,0.079945,0.04987940506,0.03672574257,0.00670675784
155,Moderna Inc,MRNA,0.008480645,1.82E-02,0.06969491525,0.0571610181
156,Nxp Semiconductors Nv,NXPI,0.20215625,0.2108404613,0.2327627907,0.06030075575
157,Dexcom Inc,DXCM,0.241392308,0.01564539769,0.0774375,0.01876182984
158,Phillips 66,PSX,0.00996,-0.1464552698,0.07021509434,0.04147988766
159,Estee Lauder Companies Cl A,EL,0.219925532,-0.0149150659,0.2377538462,-0.02662639224
160,Amphenol Corp Cl A,APH,0.179017073,0.08745570599,0.1480638889,0.01723060147
161,American Electric Power,AEP,0.103621782,-1.22E-03,0.1278554455,0.02646698557
162,Fortinet Inc,FTNT,0.269069091,0.05017027949,0.1461566038,-0.1009808902
163,Monster Beverage,MNST,0.051332,-1.04E-02,0.1874636364,-0.008529382117
164,Arthur J Gallagher & Co,AJG,0.177230769,0.009322528025,0.1729071429,0.002994936257
165,Biogen Inc,BIIB,0.067037879,-0.02477701149,0.1573615385,0.1555273201
166,Dominion Energy Inc,D,0.118253659,0.0180505719,0.07741555556,-0.1412090497
167,Us Bancorp,USB,0.358686139,0.06521055182,0.2369148515,0.06688988812
168,Occidental Petroleum Corp,OXY,0.072022222,-0.1408208408,0.05206060606,0.005202701938
169,Valero Energy Corp,VLO,0.041616129,-0.1792304446,0.162673913,0.01307916559
170,Microchip Technology Inc,MCHP,0.187456364,0.2145046363,0.19326,0.07839440887
171,Johnson Controls Internation,JCI,0.149741584,0.05332870243,0.1367707317,-0.1072025765
172,Autodesk Inc,ADSK,0.15847451,0.1659126774,0.220665,-0.009027166675
173,Parker Hannifin Corp,PH,0.170925758,0.05797863036,0.2178807692,0.0589809049
174,Ecolab Inc,ECL,0.186795833,0.01617572391,0.1003095238,0.002423101205
175,Travelers Cos Inc,TRV,0.193303774,0.006965603381,0.02384210526,0.04431576316
176,American International Group,AIG,0.184677228,0.01294612451,0.1331089109,0.0832857489
177,Archer Daniels Midland Co,ADM,0.223746053,-0.0701226609,0.1193191489,0.04529365717
178,Truist Financial Corp,TFC,0.342264356,0.1172634183,0.2483267327,0.1870697785
179,Transdigm Group Inc,TDG,0.145528571,-0.03141983199,0.16915,0.02559271513
180,Exelon Corp,EXC,0.2820375,0,0.3429846154,0.05548484175
181,Corteva Inc,CTVA,0.301168182,-0.009062758514,0.1331363636,-0.008413158017
182,Cintas Corp,CTAS,0.042516667,0.03434855238,0.2622125,0.02901671273
183,Capital One Financial Corp,COF,0.199097,0.03500249059,0.09655940594,0.0786872375
184,Te Connectivity Ltd,TEL,0.183831818,0.06760073622,0.2828428571,-0.02367740918
185,Trane Technologies,TT,0.270964706,0.04136705209,0.144725,-0.04594743734
186,Hershey Co,HSY,0.083948515,-0.07837980222,0.1048989247,0.02618377527
187,Constellation Brands,STZ,0.129788889,0.1730504421,0.05525,-0.03004468551
188,Idexx Laboratories Inc,IDXX,0.2963,0.008743200835,0.06926153846,-0.003442641864
189,Agilent Technologies Inc,A,0.178869307,-0.03404717148,0.1582522388,0.1123889576
190,Realty Income Corp,O,0.214584615,0.1005796376,0.0729755102,0.003364814641
191,Iqvia Holdings Inc,IQV,0.013117143,1.45E-02,0.1635870968,0.02488396858
192,Paccar Inc,PCAR,0.131357143,-0.008408908182,0.1152090909,0.03053199887
193,Copart Inc,CPRT,0.28172,0.0921717357,0.2308833333,0.03767574436
194,Aflac Inc,AFL,0.24805,0.004651694881,0.05681428571,0.07163978991
195,Yum Brands Inc,YUM,0.135028571,-0.0454332616,0.22175,-0.02408870563
196,Msci Inc,MSCI,0.127585,0.102768106,0.1246366337,0.01360199456
197,Hilton Worldwide Holdings In,HLT,0.022246535,5.07E-03,0.0483990099,0.03379420587
198,Hess Corp,HES,0.071203614,-0.2019967216,-0.001427272727,0.02052594458
199,Dow Inc,DOW,0.190002247,-0.1609061126,0.09492673267,0.04510070238
200,Welltower Inc,WELL,0.289625,-0.03127595242,0.2682333333,-0.07103588996
201,Sysco Corp,SYY,0.081057143,-0.07211568544,0.2618533333,0.05146542188
202,Xcel Energy Inc,XEL,0.265786957,-0.007774106343,0.1265576923,0.0352267919
203,Centene,CNC,0.241214286,-0.1163902309,0.07465,0.04486440955
204,Williams Cos Inc,WMB,0.093448,-0.08695652174,0.1459326531,0.01744565154
205,On Semiconductor,ON,0.126027723,0.3151692035,0.09533267327,0.1602875588
206,Charter Communications Inc A,CHTR,0.111125,0.05299015897,0.086222,0.061321479
207,L3harris Technologies Inc,LHX,0.128286957,-0.05817818964,0.1459,-0.04945402036
208,Ross Stores Inc,ROST,0.047541584,0,0.0386,-0.02219681054
209,Paychex Inc,PAYX,0.1617875,0.03513034014,0.08924,0.09148947695
210,Arista Networks Inc,ANET,0.1494,0.03933068065,0.1620588235,-0.0324632258
211,Carrier Global Corp,CARR,0.145530693,0.02201030911,0.145550495,0.03422967834
212,Nucor Corp,NUE,0.16418,-0.06978088383,0.07731538462,0.131000739
213,Otis Worldwide Corp,OTIS,0.208371429,0.0195618084,0.2081045455,0.02766962832
214,Metlife Inc,MET,0.313361386,0.0907155749,0.280499,0.04439984341
215,Simon Property Group Inc,SPG,0.030176623,0.06057080333,0.01164081633,0.007608352819
216,Newmont Corp,NEM,0.102121739,0.1130774535,0.08764,0.07151687324
217,Verisk Analytics Inc,VRSK,0.332907692,0.03547192093,0.09835714286,0.06024335091
218,Ametek Inc,AME,0.098129091,-1.01E-02,0.1256925926,0.03860188394
219,Consolidated Edison,ED,0.029425,-1.19E-02,0.1925,0.04394383915
220,Dr Horton Inc,DHI,0.061765625,2.81E-03,0.01597727273,0.05147913428
221,Fidelity National Info Serv,FIS,0.207606452,0.007345008483,0.1019822222,0.0531429205
222,Electronic Arts Inc,EA,0.121209333,0.01813846388,0.1239965116,0
223,Kinder Morgan Inc,KMI,0.1694875,-0.06785854979,0.3590941176,0.01862121549
224,Resmed Inc,RMD,0.129069565,-0.03156368023,0.3007785714,0.0507617704
225,Dollar Tree Inc,DLTR,0.141584615,-0.03861025367,0.056375,-0.1401245048
226,Cognizant Tech Solutions A,CTSH,0.139396,0.02385459743,0.1005811881,0.0015999874
227,Illumina Inc,ILMN,0.088720339,0.01531487328,0.1365954545,-0.02847686631
228,Ppg Industries Inc,PPG,0.203712963,0.01420791501,0.2038,0.04113097513
229,Devon Energy Corp,DVN,0.174605405,-0.1581024186,0.2195075,0.04555377573
230,Kroger Co,KR,0.088931461,-2.11E-03,0.1070074468,-0.03309100371
231,Ameriprise Financial Inc,AMP,0.206887097,0.05434583021,0.2280047619,0.05896772736
232,Costar Group Inc,CSGP,0.102930556,0.0662510239,0.05867826087,0.02770796177
233,Rockwell Automation Inc,ROK,0.248013158,0.05974186456,0.259036,-0.01363980167
234,Vici Properties,VICI,0.042666667,0.02620370845,0.15674,0.02909801219
235,Fastenal Co,FAST,-0.00402,3.81E-02,0.3143666667,0.06313837739
236,Dupont De Nemours Inc,DD,0.068144554,7.40E-03,0.187413,0.0208363424
237,Allstate Corp,ALL,0.141960526,-0.03560662777,0.06983095238,-0.02305209839
238,Kraft Heinz Co,KHC,0.168275926,-0.08868026897,0.06703023256,0.01569794785
239,Public Service Enterprise,PEG,0,-0.008393358623,0.1274142857,0.03347293104
240,Cummins Inc,CMI,0.126691919,0.01081620242,0.1564258427,0.01858958061
241,Mettler Toledo International,MTD,0.067973333,-0.03426813222,0.1508,0.02277084567
242,Bank of New York Mellon Corp,BK,0.384919802,0.004904477284,0.2725772277,0.08208905724
243,Prudential Financial Inc,PRU,0.17139703,0.04492146407,0.1121408163,0.09403962903
244,Ww Grainger Inc,GWW,0.0683,0,0.3424,0.02357351415
245,Republic Services Inc,RSG,0.155744068,-7.08E-04,0.02579032258,0.02753649482
246,Baker Hughes Co,BKR,0.162990667,-0.2724991917,0.1378859649,0
247,Keysight Technologies In,KEYS,0.120282143,0.104559945,0.05761578947,0.009888977694
248,Wec Energy Group Inc,WEC,0.554933333,0.0138084137,0.07015714286,0.02289691827
249,Ge Healthcare Technology,GEHC,0.158237624,-0.02295044045,0.103777907,0.02766962832
250,Halliburton Co,HAL,0.182957778,-0.2284769923,0.1864478261,0.02792318491
251,American Water Works Co Inc,AWK,0.150769307,0.03764068457,0.05347425743,0
252,Amerisourcebergen Corp,ABC,0.18692381,-0.0581919699,0.1003944444,0.02468489232
253,Constellation Energy,CEG,0.118349123,1.19E-03,0.08470535714,0.101761889
254,Zimmer Biomet Holdings Inc,ZBH,0.16802,-0.02898572206,0.189685,0.01570634391
255,Old Dominion Freight Line,ODFL,0.3107,0.05667633287,0.05768571429,0.02705825059
256,Lennar Corp A,LEN,0.1556,4.65E-03,0.09046315789,-0.09428697819
257,Keurig Dr Pepper Inc,KDP,0.2316,-0.04138782598,0.11988,0.06748042378
258,Arch Capital Group Ltd,ACGL,0.084534884,0.02535215566,0.1073325581,-0.02582500905
259,Discover Financial Services,DFS,0.11720495,0.03712360797,0.1838782178,0.04964007659
260,Global Payments Inc,GPN,0.206745455,-2.00E-03,0.146783,0.05322925889
261,Hp Inc,HPQ,0.101262376,0.1022369361,0.1140653465,0.07226462343
262,P G & E Corp,PCG,0.0105,7.26E-02,0.011473,-0.05903210054
263,Oneok Inc,OKE,0.11195,-0.07329811074,0.2112857143,0.02470868161
264,Ansys Inc,ANSS,0.142338462,0.1581095306,0.1623117647,-0.09147351552
265,Vulcan Materials Co,VMC,0.089659701,-0.0260201279,0.0672375,-0.007672322071
266,Digital Realty Trust Inc,DLR,0.111944554,0.3852763254,0.07992553191,-0.02342356685
267,Warner Bros Discovery Inc,WBD,-0.031426733,0.05244792117,0.002222772277,0.01773090269
268,Edison International,EIX,0.012311111,9.14E-03,0.1327157895,-0.03110176169
269,Equifax Inc,EFX,0.233663415,0.1115650451,0.1170513514,0.0301986817
270,Gartner Inc,IT,0.143809677,0.05010782415,0.09137425743,-0.08604041928
271,West Pharmaceutical Services,WST,0.15522619,-0.01310079205,0.135462069,0.002689428222
272,Eversource Energy,ES,0.314554651,-0.0101906671,0.2958877778,0.03033353666
273,Albemarle Corp,ALB,0.166379167,0.03725645798,0.1104392857,-0.01085058939
274,Aptiv Plc,APTV,0.1310875,0.1259094428,0.1075466667,0.1033147155
275,Sba Communications Corp,SBAC,0.17121,0.04423548797,0.16974,0.06943856765
276,Martin Marietta Materials,MLM,0,0.01077243892,0.06462,-0.01532549131
277,Ulta Beauty Inc,ULTA,0.25985,-0.06234076155,0.3468323529,-0.0419686523
278,Avalonbay Communities Inc,AVB,0.146233333,0.05007864856,0.1461714286,-0.005172798029
279,Diamondback Energy Inc,FANG,0.110157143,-0.1404696175,0.1235111111,0.02752642312
280,Tractor Supply Company,TSCO,0.148074468,0.01607547697,0.03304117647,0.06441176235
281,Cbre Group Inc A,CBRE,0.13389375,0.07542671657,0.08052475248,-0.02135558417
282,State Street Corp,STT,0.059757426,-1.17E-02,0.1121980198,0.1146731031
283,Quanta Services Inc,PWR,0.140535294,0.09597690626,0.1741,0.06813782197
284,T Rowe Price Group Inc,TROW,0.237819802,0.04782914277,0.180139,0.02612903786
285,United Rentals Inc,URI,0.127322388,0.04615765198,0.116225,0.04463855107
286,Ebay Inc,EBAY,0.098407,-0.02479725177,0.09535544554,0.061118551
287,Willis Towers Watson Plc,WTW,0.087084211,-0.01402576928,0.08773461538,-0.0132514753
288,Ingersoll Rand Inc,IR,0.202090909,0.05943323017,0.1397222222,0.04588745539
289,Corning Inc,GLW,0.149618812,-0.03805925678,0.2143166667,0.01947464276
290,Delta Air Lines Inc,DAL,0.122861386,0.1114520849,0.1021717172,0.02477190569
291,Fortive Corp,FTV,0.125938095,7.37E-03,0.1481666667,0
292,Lyondellbasell,LYB,0.165219231,-4.58E-03,0.1174441176,0.07248103109
293,Cdw,CDW,0.1446625,0.05567680025,0.10473,0.005241792569
294,Church & Dwight Co Inc,CHD,0.043218519,-0.09045423679,0.0557407767,0.02379677966
295,Walgreens Boots Alliance Inc,WBA,0.1622875,-0.08663786301,0.06402916667,-0.027988472
296,Genuine Parts Co,GPC,0.156050495,-0.03434950206,0.025062,0.09534771353
297,Hartford Financial Svcs Grp,HIG,0.126557576,0.00873581222,0.1087923077,0.02918922759
298,Enphase Energy Inc,ENPH,0.351138889,0.1525426343,0.1198230769,0.02127876161
299,Cardinal Health Inc,CAH,0.095006452,-0.07847416534,0.09546410256,0
300,Mccormick & Co Non Vtg Shrs,MKC,0.040041584,-0.08512571738,0.069141,0.07931882405
301,Weyerhaeuser Co,WY,0.12615625,0.04601740204,0.09277894737,-0.02442417837
302,Take Two Interactive Softwre,TTWO,0.098951852,0.03813489679,0.1299340659,-0.02032954244
303,Baxter International Inc,BAX,0.09439802,-0.04359416352,-0.008417821782,-0.03683730879
304,Ameren,AEE,0.160223077,-0.03095208746,0.1297076923,0.009868241194
305,Dte Energy Company,DTE,0.082483333,8.45E-03,0.1283533333,0.02509333423
306,Intl Flavors & Fragrances,IFF,0.05909375,0.05750024738,0.1813,-0.001294104815
307,M & T Bank Corp,MTB,0.113344,-0.01537174873,0.05585048544,0.07552818637
308,Equity Residential,EQR,0.136918812,0.05197876869,0.04904343434,-0.009868019629
309,Verisign Inc,VRSN,0.17695,0.05663961893,0.309075,0.01791124321
310,Insulet Corp,PODD,0.30594,0,0.1726428571,0.008386909255
311,Firstenergy Corp,FE,0.098011111,0,0.05638709677,0.01069829264
312,Align Technology Inc,ALGN,0.193910891,-0.05606384321,0.1843841584,0.03502406501
313,Entergy Corp,ETR,-0.10099,-3.10E-03,0.06055555556,-0.02443970175
314,Coterra Energy Inc,CTRA,0.10928,-0.1815183738,0.2504,-0.01720469485
315,Hologic Inc,HOLX,0.160398333,-0.01138761727,0.00566875,0.04563323782
316,Steris Plc,STE,0.181340476,-0.05537819781,0.10325625,-0.006501219284
317,First Solar Inc,FSLR,0.153994,0.2215394323,0.1389158416,0.08178894109
318,Extra Space Storage Inc,EXR,0.158447959,0.04775528309,0.187659596,-0.02703260401
319,Clorox Company,CLX,0.187319231,-0.1345150191,0.2252238095,0.05120829782
320,Ppl Corp,PPL,-0.014259649,7.69E-03,-0.03778219178,0.03435120228
321,Darden Restaurants Inc,DRI,0.37903,0.0142606479,0.11704,0.09020897283
322,Dover,DOV,0.0113,1.39E-02,0.09122857143,0.03525097234
323,Laboratory Crp of Amer Hldgs,LH,0.174872222,-0.03525091578,-0.002109090909,0.03717162516
324,Invitation Homes Inc,INVH,-0.021116667,0.05690399667,0.040034,-0.03837103424
325,Fair Isaac Corp,FICO,0.152871429,0.04269731568,0.2053766667,-0.01739300909
326,Teledyne Technologies Inc,TDY,0.216040506,-2.77E-03,0.2059485714,0.04914456946
327,Monolithic Power Systems Inc,MPWR,0.109047059,0.3724185105,0.1248875,0.1038965585
328,Xylem Inc,XYL,0.15606383,0.1016776833,0.12708,0.0139719954
329,Cooper Cos Inc,COO,0.042666667,-0.04629312934,0.12765,-0.01426530243
330,Omnicom Group,OMC,0.204085714,-0.03112827002,0.17709,0
331,Alexandria Real Estate Equit,ARE,0.177705,0.05189244417,-0.07349565217,-0.07756013225
332,Hewlett Packard Enterprise,HPE,0.160734,0.149934511,0.08318625,0.05547844888
333,Nasdaq Inc,NDAQ,0.09909505,0.03688619398,0.08081584158,-0.02709985823
334,Las Vegas Sands Corp,LVS,0.19216,-0.05856220502,0.179671875,-0.07436964257
335,Expeditors Intl Wash Inc,EXPD,0.108732099,0.0493463496,0.04741058824,0.05529876021
336,Centerpoint Energy Inc,CNP,0.021307143,7.06E-03,0.0568775,0.02481446453
337,Ventas Inc,VTR,0.070626923,0.02798482484,0.06050769231,0.02086234443
338,Fifth Third Bancorp,FITB,0.23440495,0.05542335249,0.116502,0.07828538242
339,Broadridge Financial Solutio,BR,0.238173333,0.02473496791,-0.003657142857,0.04430165561
340,Kellogg Co,K,0.115965882,-0.04137709278,0.08851089109,0.01497770085
341,Wabtec Corp,WAB,0.161626316,-0.01161078877,-0.002466666667,0.0313074516
342,Southwest Airlines Co,LUV,0.015973267,0.0640811253,0.03414554455,0.07365226219
343,Fleetcor Technologies Inc,FLT,0.021333333,-2.22E-02,0,0.03398827023
344,Raymond James Financial Inc,RJF,0.341686139,0.04723001231,0.1613465347,0.02102960095
345,Royal Caribbean Cruises,RCL,0.125685227,0.02784825579,0.08876,-0.008645139406
346,Ball Corp,BALL,0.167044444,0.02230048854,0.09742857143,0.007818787265
347,Cms Energy Corp,CMS,0.143435165,0.0105081217,0.1390206186,0.01552262044
348,Nvr Inc,NVR,0.141126667,0.02609701738,0.1769,0
349,Mid America Apartment Comm,MAA,-0.042005882,0.05823450299,-0.02129444444,0.01632024324
350,Conagra Brands Inc,CAG,0.269010811,-0.08610770257,0.1943409091,0.02867860392
351,Atmos Energy Corp,ATO,0.169279747,0,0.1287682927,-0.014746545
352,Regions Financial Corp,RF,0.145526733,0.1124852913,0.1429168317,0.05790409891
353,Molina Healthcare Inc,MOH,-0.010975,-5.60E-02,-0.0653125,-0.03249303215
354,Cincinnati Financial Corp,CINF,0.075932609,-0.03661519645,0.0683671875,0.001036490801
355,Tyler Technologies Inc,TYL,0.02029,0.06758139281,0.1491176471,-0.1320029813
356,Solaredge Technologies Inc,SEDG,0.32435,0.1460544051,0.1305769231,0
357,Howmet Aerospace,HWM,0.074,0,0.24475,0.0912279274
358,Skyworks Solutions Inc,SWKS,0.204933333,0.2151351205,0.1083,0.09660902129
359,Principal Financial Group,PFG,0.226433663,-2.93E-03,0.192763,0.08707603159
360,Garmin Ltd,GRMN,0.211801333,0.05874993736,0.1785289474,0.003877936494
361,Jm Smucker Co,SJM,0.207305556,-0.09620658335,0.1533904762,0.03274513939
362,Targa Resources Corp,TRGP,0.304166667,-0.1055070575,0.01275,0.02791988295
363,Iron Mountain Inc,IRM,0.124892857,0.03172791399,0.08726666667,0.01123200587
364,Steel Dynamics Inc,STLD,0.230718812,-0.05750162499,0.1445544554,0.01632225499
365,Waters Corp,WAT,0.136645455,-0.0671501515,0.1818444444,0.06528140203
366,Lamb Weston Holdings Inc,LW,0.19125,-0.0529917056,0.22697,-0.01618707825
367,United Airlines Holdings Inc,UAL,0.099475248,0.1036821193,0.1051712871,-0.0252797016
368,Idex Corp,IEX,0.1326375,0.0250643688,0.06114,0.008535758477
369,Northern Trust Corp,NTRS,0.164824752,0.02340927603,0.198728,-0.004171131822
370,Revvity Inc,RVTY,0.085333333,0.01542815702,0,0.06937244657
371,Amcor Plc,AMCR,0.15871875,0.02042947686,0.1217516129,0.05186642664
372,Epam Systems Inc,EPAM,0.350125,0.1278680441,0.251125,-0.06001065059
373,Huntington Bancshares,HBAN,0.235514286,0.0285168552,0.17325,0.07759449122
374,Marathon Oil Corp,MRO,0.186903571,-0.2149613048,0.05223846154,0.01805095478
375,Teradyne,TER,0.08498,0.2439493589,0.145575,0.03293683937
376,Interpublic Group of Cos,IPG,0.146025,0.04773277898,0.1371333333,0.07528975648
377,Factset Research Systems Inc,FDS,0.096119802,-7.98E-03,0.05733960396,0.04390791809
378,Jacobs Solutions Inc,J,0.104515714,0.02105059725,0.08357474747,0.04197071997
379,Brown & Brown Inc,BRO,0.008089524,3.82E-02,0.07531238095,0.03369149339
380,Pultegroup,PHM,0.290436364,0.06072474265,0.1336428571,0.009079533434
381,Tyson Foods Inc Cl A,TSN,0.071392857,-0.01922677896,0.1002285714,0.0947866406
382,Quest Diagnostics Inc,DGX,0.152628205,-0.09194968581,0.2131521739,0.06106391667
383,Netapp Inc,NTAP,0.1952125,0.07303372382,0.128948,0.5953285107
384,Everest Re Group Ltd,RE,0.126364286,-0.04770561966,0.03721333333,0.002646795506
385,Cboe Global Markets,CBOE,0.135996552,-0.1121327616,0.09873055556,0.04380016909
386,Hunt (Jb) Transprt Svcs Inc,JBHT,0.108321053,0.01115889098,0.1066733333,0.0634843116
387,Expedia Group Inc,EXPE,0.172568182,0.06746253619,0.1977674419,-0.008358774613
388,Zebra Technologies Corp Cl A,ZBRA,0.177353125,0.1246595564,0.2517210526,0.04989136314
389,Ptc Inc,PTC,0.012469072,0.08089731882,0.1025696203,-0.08110092168
390,Aes Corp,AES,0.08570396,0.05535918387,0.1169782178,0.07092167744
391,Avery Dennison Corp,AVY,0.127479592,0.05031552183,0.115178125,0.02482429618
392,LKQ,LKQ,0.066983333,-1.49E-02,0.1826,0.03601869701
393,Paycom Software Inc,PAYC,0.12283,0.1971873211,0.17015,-0.1231575392
394,Bunge Ltd,BG,0.1675375,-0.04559918253,0.1104818182,0.01511219674
395,Snap on Inc,SNA,0.122570732,-5.05E-03,0.05422121212,0.04821975992
396,Akamai Technologies Inc,AKAM,0.214002703,0.05410156403,0.2505608696,-0.02496779745
397,Best Buy Co Inc,BBY,0.367959406,0.1466428509,0.2815247525,-0.04541101409
398,Citizens Financial Group,CFG,0.103774257,0.06664209687,0.04555346535,0.131885238
399,Essex Property Trust Inc,ESS,0.300063636,0.1007698007,-0.08288888889,-0.006479653394
400,Evergy,EVRG,-0.127225,-1.74E-03,0.10955,-0.003456636749
401,Textron Inc,TXT,0.2264775,0.0159207884,0.16344,0.05657059881
402,Synchrony Financial,SYF,0.326421429,0.003236320066,0.06541428571,-0.02906920152
403,Fmc Corp,FMC,0.147316,-0.03378689898,0.1869645833,0.02690226502
404,Axon Enterprise Inc,AXON,0.070754167,0.05386012148,0.154262069,-0.06842606911
405,Cf Industries Holdings Inc,CF,0.074903704,-0.08750982505,0.1028315789,0.07966211865
406,Pool Corp,POOL,0.12517561,0.09755744014,0.1400078431,0.03225465573
407,Alliant Energy Corp,LNT,0.153121429,0.04316213473,0.14499,0.04663849256
408,Bio Techne Corp,TECH,0.159070588,0.03592850919,0.03625,0.0146720559
409,Eqt Corp,EQT,0.1064,-0.2050434124,0.1401481481,0.008627776503
410,Mgm Resorts International,MGM,0.214763636,0.04456556274,0.1914462963,-0.02290663031
411,Udr Inc,UDR,-0.0024,4.84E-02,0.1446909091,0.002521335188
412,Mosaic Co,MOS,0.139522,-0.1150780161,0.1407418367,0.07509439466
413,Seagate Technology Holdings,STX,0.144685294,-0.04174058957,0.08666875,0.06655599601
414,Western Digital Corp,WDC,0.090418812,0.1208762411,0.07324651163,-0.05680382734
415,Incyte Corp,INCY,0.06625,-0.06232074032,0.05698235294,0.006498930304
416,Host Hotels & Resorts Inc,HST,0.113624,5.96E-03,0.139658,0.03012002163
417,Packaging Corp of America,PKG,0.324533333,-0.01650936238,0,0.06691944201
418,Stanley Black & Decker Inc,SWK,0.137737624,0.06988603216,0.119750495,0.08003180797
419,C.H. Robinson Worldwide Inc,CHRW,0.213788462,0.01332758378,0.223235,0
420,Nordson Corp,NDSN,0.234333333,0.04075690004,0.1214166667,0.04083947499
421,Trimble Inc,TRMB,0.139283333,0.118669504,0.1282966102,0.03856874057
422,Wr Berkley,WRB,0.049575,0.04274227199,0.1237555556,0.005387711769
423,Camden Property Trust,CPT,0.118,0.04234049742,-0.003469230769,-0.012444231
424,Live Nation Entertainment In,LYV,0.153767213,0.07181939464,0.2098325,0.03752757233
425,Carmax Inc,KMX,0.21594375,0.09381902231,0.0996625,0.03877562427
426,Molson Coors Beverage,TAP,0.073073684,-0.1780999385,0.02850833333,-0.05497173177
427,International Paper Co,IP,0.100331,-0.02612668893,0.0337029703,0.03396752026
428,Masco,MAS,0.198713333,0.01378760965,0.1405153846,0.04966922185
429,Brown Forman,BF.B,0.20708125,0,0.10393125,0
430,Hormel Foods Corp,HRL,0.194046667,-0.07538365124,0.05248378378,0.4967324251
431,Loews Corp,L,0.23515,-0.04377517026,0.0997,0.04999978202
432,Kimco Realty Corp,KIM,0.31845,0.03320391088,-0.09866666667,0.02720410593
433,Viatris Inc,VTRS,0.006079245,-5.49E-02,0.1345576923,0
434,Teleflex Inc,TFX,0.072146512,-2.58E-03,0.2568333333,-0.002982207634
435,Borgwarner Inc,BWA,0.190624444,-2.12E-03,0.215188,0.1015106992
436,Carnival Corp,CCL,0.0867,0.1950357023,0.08769411765,0.08014261465
437,Etsy Inc,ETSY,0.212732258,0.07015064687,0.1788023529,0.02467574839
438,Healthpeak Properties Inc,PEAK,0.196157143,0.05136126605,0.2605714286,-0.01502944923
439,Apa,APA,0.209783333,-0.2125109511,0.07830930233,0.08810594103
440,Nisource Inc,NI,0.445814286,-0.01117343993,0.15165,0.05578338761
441,Leidos Holdings Inc,LDOS,0.18545,-1.25E-03,0.08534,0.03202664717
442,Domino S Pizza Inc,DPZ,0.113752475,-0.01867716985,0.1072584158,0.2121784981
443,Jack Henry & Associates Inc,JKHY,0.136727723,-0.01144306487,0.1746416667,-0.01569791969
444,Celanese Corp,CE,0.11785,-0.01303289816,0.1498111111,0.01922751241
445,Wynn Resorts,WYNN,0.117083871,0.1038270622,0.1482375,-0.120566854
446,Campbell Soup Co,CPB,0.191972222,-0.09512674815,0.1288785714,0.04352150821
447,Marketaxess Holdings,MKTX,0.31845,1.79E-03,0.07224,0.0473554028
448,Henry Schein Inc,HSIC,0.296654545,-0.04137714444,0.2293384615,0.05142046625
449,Charles River Laboratories,CRL,0.107852632,1.03E-03,0.0876375,0.03206097329
450,Tapestry Inc,TPR,0.1577,0.02638537155,0.2119227723,-0.06746638048
451,Eastman Chemical Co,EMN,0.160791525,-6.15E-03,0.1802644444,0.03761848869
452,Keycorp,KEY,0.352855435,0.08088970771,0.279458427,0.2034256716
453,Gen Digital Inc,GEN,0.117272,0.01168822309,0.08054950495,-0.01710415341
454,Match Group Inc,MTCH,0.076273267,0.1524480939,0.068165,0.2434783051
455,Globe Life Inc,GL,0.089252475,-0.02090471543,0.06892475248,0.05330519966
456,Qorvo Inc,QRVO,0.295536364,0.2329070182,0.099,0.07608450005
457,Ceridian Hcm Holding Inc,CDAY,0.1081,0.1744000244,0.11185,-0.09054124049
458,Fox Corp Class A,FOXA,-0.044965347,-9.55E-03,-0.02919207921,0.02564100056
459,Allegion Plc,ALLE,0.273452941,0.02801148983,0.1128111111,-0.03055181414
460,Pentair Plc,PNR,0.104622222,0.04340277893,0.130185,-0.01261937863
461,Juniper Networks Inc,JNPR,0.152507,0.04590143923,0.1956295918,0.02963392912
462,Rollins Inc,ROL,0.056086139,-2.54E-03,0.08143861386,0.1373349236
463,American Airlines Group Inc,AAL,0.112076238,0.06271721012,0.06236831683,0.06089320312
464,Caesars Entertainment Inc,CZR,0.178522222,0.1209960387,0.1991647059,-0.06583678472
465,Regency Centers Corp,REG,0.1101,-0.0160886941,0.1891333333,0.005331220731
466,Bath & Body Works Inc,BBWI,0.029910891,0.05421544219,0.049069,-0.06810489984
467,Pinnacle West Capital,PNW,0.25261,0.01822908647,0.1676,0.009057931668
468,F5 Inc,FFIV,0.213585185,0.071524803,0.06945,0.01287453849
469,Smith (a.O.) Corp,AOS,0.189652941,-0.007498938614,0.07843846154,0.0359711522
470,Dentsply Sirona Inc,XRAY,0.248310526,2.71E-03,0.1641315789,0.3682175721
471,Universal Health Services B,UHS,0.084422105,0.0812627667,0.03931041667,-0.008325180223
472,Bio Rad Laboratories A,BIO,0.152468317,0.02295501628,0.1003388889,0.02410590282
473,Huntington Ingalls Industrie,HII,0.07955,-0.03477554631,0.06343333333,0.04816770271
474,Nrg Energy Inc,NRG,0.199144444,0.06482063335,0.240615,0.1894049637
475,Hasbro Inc,HAS,0.151579167,0.0882301951,0.09326222222,-0.149957778
476,Paramount Global,PARA,0.079443564,0.1676727046,0.09862277228,0.09204493292
477,Robert Half,RHI,0.04349505,0.05481522172,0.05797128713,0.1753317561
478,Generac Holdings Inc,GNRC,-0.0843,0.1091572497,-0.01711666667,-0.07344798346
479,Whirlpool Corp,WHR,0.1925,0.05587840807,-0.124875,-0.0278444295
480,News Corp Class A,NWSA,0.130956842,0.08090593912,0.07015979381,0.06007679605
481,Westrock Co,WRK,0.183980769,0.01756274872,0.1790166667,0.02499096546
482,Boston Properties Inc,BXP,0.110889655,0.0628402234,0.1280418605,0
483,Advance Auto Parts Inc,AAP,0.07383871,0.01694113325,0.01686935484,-0.1536565724
484,Franklin Resources Inc,BEN,0.29669589,0.0446967494,0.1918772277,0.02082433844
485,Catalent Inc,CTLT,0.081045455,-0.02155119037,0.2128866667,-0.008057689945
486,Assurant Inc,AIZ,-8.89E-05,-2.00E-02,0.18635,0.0708391107
487,Invesco Ltd,IVZ,0.244469307,0.01343150009,0.2359633663,0.0625870319
488,Federal Realty Invs Trust,FRT,0.086780645,0.03790510456,0.01617326733,0.01473978314
489,Vf Corp,VFC,0.144453448,0.06648246222,0.1320954545,0.01742200223
490,Sealed Air,SEE,0.14976,0.02493822759,-0.030975,0.05019879764
491,Norwegian Cruise Line,NCLH,0.011136364,0.1726519392,0.02693098592,0
492,Dxc Technology,DXC,0.166675,0.04040419453,0.1714315789,-0.01997648543
493,Alaska Air Group Inc,ALK,0.023547525,0.04434606867,0.03257326733,0.03561091616
494,Davita Inc,DVA,0.138735714,-0.04242697614,0.112665,0.02455464518
495,Comerica Inc,CMA,0.023894737,-2.57E-03,0.17925,0.160665334
496,Organon & Co,OGN,0.2081,-0.1125901793,0.04685,0.06704542146
497,Mohawk Industries Inc,MHK,0.267042857,0.01051508683,0.2531636364,0.008692071953
498,Ralph Lauren Corp,RL,0.190054237,0.0221709822,0.18268,-0.08089555358
499,Zions Bancorp,ZION,0,0.09769737897,-0.1573666667,0.19054545
500,Fox Corp Class B,FOX,-0.051837624,-1.03E-02,-0.02984059406,0.02054138143
501,Newell Brands Inc,NWL,0.359921053,-0.1030918713,0.2155636364,0
502,Lincoln National Corp,LNC,0.126414286,0.05145024072,0.0005142857143,0.1290633159
503,News Corp Class B,NWS,0.103591304,0.08047292424,0.07968673469,0.05411276188
504,Dish Network Corp A,DISH,0.157091525,0.06006000416,0.1393539683,-0.01555171433
Total,,,70.15656121,0.159982275,59.66705237,9.86807314
,,,0.554933333,0.4909207629,0.3590941176,-1.102491351